2023-06-28 00:05:01,0,/Central_Hub_1/
2023-06-28 00:05:01,0,/Central_Hub_10/
2023-06-28 00:05:01,0,/Central_Hub_2/
2023-06-28 00:05:01,0,/Central_Hub_3/
2023-06-28 00:05:01,0,/Central_Hub_4/
2023-06-28 00:05:01,0,/Central_Hub_5/
2023-06-28 00:05:01,0,/Central_Hub_6/
2023-06-28 00:05:01,0,/Central_Hub_7/
2023-06-28 00:05:01,0,/Central_Hub_8/
2023-06-28 00:05:01,0,/Central_Hub_9/
2023-06-28 00:05:01,0,/LoRa_Node_002/
2023-06-28 00:05:01,0,/LoRa_Node_004/
2023-06-28 00:05:01,0,/LoRa_Node_005/
2023-06-28 00:05:01,0,/LoRa_Node_006/
2023-06-28 00:05:01,0,/LoRa_Node_007/
2023-06-28 00:05:01,0,/LoRa_Node_008/
2023-06-28 00:05:01,0,/LoRa_Node_009/
2023-06-28 00:05:01,0,/LoRa_Node_011/
2023-06-28 00:05:01,0,/LoRa_Node_012/
2023-06-28 00:05:01,0,/LoRa_Node_013/
2023-06-28 00:05:01,0,/LoRa_Node_014/
2023-06-28 00:05:01,0,/LoRa_Node_015/
2023-06-28 00:05:01,0,/LoRa_Node_018/
2023-06-28 00:05:01,0,/LoRa_Node_019/
2023-06-28 00:05:01,0,/LoRa_Node_020/
2023-06-28 00:05:01,0,/LoRa_Node_021/
2023-06-28 00:05:01,0,/LoRa_Node_022/
2023-06-28 00:05:01,0,/LoRa_Node_023/
2023-06-28 00:05:01,0,/LoRa_Node_024/
2023-06-28 00:05:01,0,/LoRa_Node_025/
2023-06-28 00:05:01,0,/LoRa_Node_026/
2023-06-28 00:05:01,0,/LoRa_Node_028/
2023-06-28 00:05:01,0,/LoRa_Node_029/
2023-06-28 00:05:01,0,/LoRa_Node_030/
2023-06-28 00:05:01,0,/LoRa_Node_031/
2023-06-28 00:05:01,0,/LoRa_Node_032/
2023-06-28 00:05:01,0,/LoRa_Node_033/
2023-06-28 00:05:01,0,/LoRa_Node_034/
2023-06-28 00:05:01,0,/LoRa_Node_035/
2023-06-28 00:05:01,0,/LoRa_Node_036/
2023-06-28 00:05:01,0,/LoRa_Node_037/
2023-06-28 00:05:01,0,/LoRa_Node_038/
2023-06-28 00:05:01,0,/LoRa_Node_039/
2023-06-28 00:05:01,0,/LoRa_Node_040/
2023-06-28 00:05:01,0,/LoRa_Node_041/
2023-06-28 00:05:01,0,/LoRa_Node_043/
2023-06-28 00:05:01,0,/LoRa_Node_044/
2023-06-28 00:05:01,0,/LoRa_Node_045/
2023-06-28 00:05:01,0,/LoRa_Node_046/
2023-06-28 00:05:01,0,/LoRa_Node_047/
2023-06-28 00:05:01,0,/LoRa_Node_048/
2023-06-28 00:05:01,0,/LoRa_Node_049/
2023-06-28 00:05:01,0,/LoRa_Node_050/
2023-06-28 00:05:01,0,/LoRa_Node_051/
2023-06-28 00:05:01,0,/LoRa_Node_052/
2023-06-28 00:05:01,0,/LoRa_Node_053/
2023-06-28 00:05:01,0,/LoRa_Node_054/
2023-06-28 00:05:01,0,/LoRa_Node_055/
2023-06-28 00:05:01,0,/LoRa_Node_056/
2023-06-28 00:05:01,0,/LoRa_Node_057/
2023-06-28 00:05:01,0,/LoRa_Node_058/
2023-06-28 00:05:01,0,/LoRa_Node_059/
2023-06-28 00:05:01,0,/LoRa_Node_060/
2023-06-28 00:05:01,0,/LoRa_Node_061/
2023-06-28 00:05:01,0,/LoRa_Node_062/
2023-06-28 00:05:01,0,/LoRa_Node_063/
2023-06-28 00:05:01,0,/LoRa_Node_064/
2023-06-28 00:05:01,0,/LoRa_Node_065/
2023-06-28 00:05:01,0,/LoRa_Node_066/
2023-06-28 00:05:01,0,/LoRa_Node_067/
2023-06-28 00:05:01,0,/LoRa_Node_068/
2023-06-28 00:05:01,0,/LoRa_Node_069/
2023-06-28 00:05:01,0,/LoRa_Node_070/
2023-06-28 00:05:01,0,/LoRa_Node_071/
2023-06-28 00:05:01,0,/LoRa_Node_073/
2023-06-28 00:05:01,0,/LoRa_Node_074/
2023-06-28 00:05:01,0,/LoRa_Node_075/
2023-06-28 00:05:01,0,/LoRa_Node_076/
2023-06-28 00:05:01,0,/LoRa_Node_077/
2023-06-28 00:05:01,0,/LoRa_Node_078/
2023-06-28 00:05:01,0,/LoRa_Node_079/
2023-06-28 00:05:01,0,/LoRa_Node_080/
2023-06-28 00:05:01,0,/LoRa_Node_081/
2023-06-28 00:05:01,0,/LoRa_Node_083/
2023-06-28 00:05:01,0,/LoRa_Node_084/
2023-06-28 00:05:01,0,/LoRa_Node_085/
2023-06-28 00:05:01,0,/LoRa_Node_086/
2023-06-28 00:05:01,0,/LoRa_Node_087/
2023-06-28 00:05:01,0,/LoRa_Node_088/
2023-06-28 00:05:01,0,/LoRa_Node_089/
2023-06-28 00:05:01,0,/LoRa_Node_090/
2023-06-28 00:05:01,0,/LoRa_Node_091/
2023-06-28 00:05:01,0,/LoRa_Node_092/
2023-06-28 00:05:01,0,/LoRa_Node_093/
2023-06-28 00:05:01,0,/LoRa_Node_094/
2023-06-28 00:05:01,0,/LoRa_Node_095/
2023-06-28 00:05:01,0,/LoRa_Node_097/
2023-06-28 00:05:01,0,/LoRa_Node_098/
2023-06-28 00:05:01,0,/LoRa_Node_099/
2023-06-28 00:05:01,0,/LoRa_Node_101/
2023-06-28 00:05:01,0,/LoRa_Node_102/
2023-06-28 00:05:01,0,/LoRa_Node_103/
2023-06-28 00:05:01,0,/LoRa_Node_104/
2023-06-28 00:05:01,0,/LoRa_Node_105/
2023-06-28 00:05:01,0,/LoRa_Node_106/
2023-06-28 00:05:01,0,/LoRa_Node_107/
2023-06-28 00:05:01,0,/LoRa_Node_108/
2023-06-28 00:05:01,0,/LoRa_Node_109/
2023-06-28 00:05:01,0,/LoRa_Node_110/
2023-06-28 00:05:01,0,/LoRa_Node_111/
2023-06-28 00:05:01,0,/LoRa_Node_112/
2023-06-28 00:05:01,0,/LoRa_Node_113/
2023-06-28 00:05:01,0,/LoRa_Node_114/
2023-06-28 00:05:01,0,/LoRa_Node_115/
2023-06-28 00:05:01,0,/LoRa_Node_116/
2023-06-28 00:05:01,0,/LoRa_Node_117/
2023-06-28 00:05:01,0,/LoRa_Node_120/
2023-06-28 00:05:01,0,/LoRa_Node_121/
2023-06-28 00:05:01,0,/LoRa_Node_200/
2023-06-28 00:05:01,0,/Mints_Wearable_Node_02/
2023-06-28 00:05:01,0,/Mints_Wearable_Node_V5_01/
2023-06-28 00:05:01,0,/Mints_Wearable_Node_V5_02/
2023-06-28 00:05:01,0,/Mints_Wearable_Node_V5_03/
2023-06-28 00:05:01,0,/Mints_Wearable_Node_V5_04/
2023-06-28 00:05:01,0,/Mints_Wearable_Node_V5_05/
2023-06-28 00:05:01,0,/Mints_Wearable_Node_V5_06/
2023-06-28 00:05:01,0,/Mints_Wearable_Station_01/
2023-06-28 00:05:01,0,/PoLo_Node_01/
2023-06-28 00:05:01,0,/PoLo_Node_02/
2023-06-28 00:05:01,0,/PoLo_Node_03/
2023-06-28 00:05:01,0,/PoLo_Node_04/
2023-06-28 00:05:01,0,/PoLo_Node_05/
2023-06-28 00:05:01,0,/PoLo_Node_06/
2023-06-28 00:05:01,0,/PoLo_Node_07/
2023-06-28 00:05:01,0,/PoLo_Node_08/
2023-06-28 00:05:01,0,/PoLo_Node_09/
2023-06-28 00:05:01,0,/PoLo_Node_10/
2023-06-28 00:05:01,0,/PoLo_Node_11/
2023-06-28 00:05:01,0,/PoLo_Node_12/
2023-06-28 00:05:01,0,/PoLo_Node_13/
2023-06-28 00:05:01,0,/PoLo_Node_14/
2023-06-28 00:05:01,0,/PoLo_Node_15/
2023-06-28 00:05:01,0,/PoLo_Node_16/
2023-06-28 00:05:01,0,/PoLo_Node_17/
2023-06-28 00:05:01,0,/PoLo_Node_18/
2023-06-28 00:05:01,0,/PoLo_Node_19/
2023-06-28 00:05:01,0,/PoLo_Node_20/
2023-06-28 00:05:01,0,/PoLo_Node_21/
2023-06-28 00:05:01,0,/PoLo_Node_22/
2023-06-28 00:05:01,0,/PoLo_Node_23/
2023-06-28 00:05:01,0,/PoLo_Node_24/
2023-06-28 00:05:01,0,/SoLo_Node_01/
2023-06-28 00:05:01,0,/SoLo_Node_03/
2023-06-28 00:05:01,0,/SoLo_Node_07/
2023-06-28 00:05:01,0,/UTD_Node_1/
2023-06-28 00:05:01,0,/UTD_Node_10/
2023-06-28 00:05:01,0,/UTD_Node_11/
2023-06-28 00:05:01,0,/UTD_Node_12/
2023-06-28 00:05:01,0,/UTD_Node_13/
2023-06-28 00:05:01,0,/UTD_Node_14/
2023-06-28 00:05:01,0,/UTD_Node_15/
2023-06-28 00:05:01,0,/UTD_Node_16/
2023-06-28 00:05:01,0,/UTD_Node_17/
2023-06-28 00:05:01,0,/UTD_Node_18/
2023-06-28 00:05:01,0,/UTD_Node_19/
2023-06-28 00:05:01,0,/UTD_Node_2/
2023-06-28 00:05:01,0,/UTD_Node_20/
2023-06-28 00:05:01,0,/UTD_Node_21/
2023-06-28 00:05:01,0,/UTD_Node_22/
2023-06-28 00:05:01,0,/UTD_Node_3/
2023-06-28 00:05:01,0,/UTD_Node_4/
2023-06-28 00:05:01,0,/UTD_Node_5/
2023-06-28 00:05:01,0,/UTD_Node_6/
2023-06-28 00:05:01,0,/UTD_Node_7/
2023-06-28 00:05:01,0,/UTD_Node_8/
2023-06-28 00:05:01,0,/UTD_Node_9/
2023-06-28 00:05:01,0,/WSTC_Test_Node_01/
